"wish i still had copy of those interview, but time march on, and any of those person surely would not' remember me at all so many year later."
the politic reminds me when i was back east.
"well, you can not hate them for trying to make a buck."
i could have bought 3 can of cat food and watched my cat's face as he emoted more excitement
i am a nyc police officer
so much hype is what that was lurking around the movie before it is' red carpet premiere
i am watching this movie right now on wtn because that was the channel that the tv was turned to when i turned it on
i know high school kid in new zealand who could make better movie with their cell phone
something told me to go see meet the pare nots instead
"i am a catholic who goes to church every week, but i do not agree with such christian arrogance"
"and maybe it is because i am used to the equally alienating and unrealistic worshiping portrayal that unnaturally deify lincoln as brilliant, honorable, and the savior of our country"
a skinny plain looking woman accompanies bro' (reb brown) to the old country (romania) to uncover the mystery to her sister's murder/transformation/death.
one expects then to see the problem and its consequence and/or how it gets resolved.
"airplane like the 747 rely on pressure alone rather than ship's supply oxygen to maintain breathable air, and if they did rely on an on-board supply, the canister would be far bigger than fist sized."
i remember some time ago when walmart had this movie really cheap for sale and i always wondered why
the guy kept on assuming identity and cheating on his pregnant wife.
"i like excellent, intelligent one too, but as with so many thing, variety is a good thing."
perhaps game show based on self-mutilation might be nice.
"disappointing and undeniably dull true-crime movie that has poorly cast character actor jeremy renner languidly mumbling his way through the title role of jeffrey dahmer, who was easily one of the last century's most recognizable degenerates/serial killer."
he monitors hundred of sexual offender who are on parole in his jurisdiction.
"gereco biotech company is fooling around with growth hormone research, accidentally releasing a baby crocodile which is evolving at an accelerating rate"
"as well as wondering the specific about the dahmer story, of which i know very little."
"though capable of mind control and zapping object from afar, it takes three of them to operate a control panel of about two dozen button."
"the film is about pre-apartheid south africa, and the story of a black man and a white man intertwining."
"the villain gets past a police checkpoint (while wearing a shirt covered in blood, and a bloody head bandage) by showing the cop a burnt corpse in the passenger seat of the car he is driving."
"you see, my dear, goodness is after all the greatest force in the world...and he is got it!"""
"the young hero comes back from a 3-year absence, and suddenly he is superman on horseback"
it is about a woman with a fascination of death who gets a job cleaning up after crime scene
"as the kid run amok, their miniaturized folk must contend with monstrously huge insect, wrinkle in the carpet that look like canyon, and other threat to them."
léo decide that he needs to go to paris to see his ex-lover.
seem to have trouble trying to exit a mysteriously empty hospital.
"note* the first comment, by the fellow who heaped praise upon the movie (and, according to his imdb.com account, has only written one review -- and guess for what movie?)"
"there are a couple of other minor story line that might actually be more interesting than the one taken, but they are not fully explored."
"do you have any idea what we could have done with $12,000,000 it could have been in the theater and a blockbuster hit"
an uptight voyeur who wants to commit suicide encounter a free spirited bad-seed who has 5 week to live and then they are off to discover america
i will never get that time back
not like it would matter with this movie
why was the crowd always standing up for no particular reason during game
the deed however is prevented by the good captain timely launching a rocket into the italian' car
dreamed i was a down syndrome baby waltzing through a never ending forest
"some of the main character include: a billy idol clone who surfs with shark, a loudmouth brat who flashes bankroll, a capt"
rather look for the first two movie i mentioned
to top it all off the burned priest is staying in a hospital room with picture of jesus all over the wall
what was he thinking
he was feared by his local townsman for his hard drinking
i was geared up at the beginning when the stranger (martin sheen) started to tell his story
"there have been some low moment in my life, when i have been bewildered and depressed"
i was 10 year old when this film came out
the film revolves around the theme of suicide
"this is an in-name-only sequel to ""a christmas story,"" originally entitled ""a summer story"
what was the director thinking
i did not know that an indian can cross the march's between both country
i know nothing of the iliad so can not comment on it is accuracy to that story
did they ask the fan
our teacher showed us this movie in first grade
i picked this one up because the music was done by han zimmer
piper perabo is adorable
the entire time i was watching it i half expected music to start and the doctor starts dancing
the movie starts with a cop and his partner parked outside of a warehouse/furniture store
sometimes horror movie are awesome because they are so stupid
one of the hottest girl on disney channel
we have seen it all before
"diane keaton plays the same manish, overly obsessed mother, who cares too much"
who are all these person who blubber on about how good this is
i did spot a full-frame eye at the start
he plays more like an off-duty hitman
it was a sunday night and i was waiting for the advertised movie on tv
i can not believe they made a cruel intention 3
second movie in the boxset
i bet you did not see that one coming
go out on saturday night and have fun
i do not care about these person or their meandering life
he also happens to be the best friend of the film's hero
a movie best summed up by the scene where a victim simulates disembowelment by pulling some poor animal's intestine out from under her t-shirt
the trail leads the mother all over europe as she searches for her child and we in the audience struggle to stay asleep
freeman and timberlake's character seem to be supposed to have some sort of father/son relationship of sort or something
you will thank me
t shows the space craft landing and taking off over a lake
the whole movie is based on a man with esp caused by an electrical accident and a witch
zombie are running rampantly and only a small minority of person are aware
it was filmed as though it was a soft porn movie
"the married couple has not seen the ""main"" guy in over 5 year and even back then they were not really friend"
"i think that in order to put your name in front on a movie title, you should have at least more than one hit movie"
i do hope there is another movie from the series
the story is set in spain so it could be an exotic entertaining movie with one of my favorite actresses
gagool was cunning and was killed in the cav
i imagine there were a few strangled agent sprawled across hollywood blvd
i never understood why some person dislike bollywood film
dr. gangrene (astin) escapes from a french prison and decide he is going to put a pretender on the throne of france
i thought it would be a scary movie
i work downtown and liked seeing it destroyed
at least i laugh at the three stooge
the movie center around a surgeon whose life's ambition is to bring the dead...back to life
"nobody is likeable, and you could careless what happens to anyone in this one"
"your spell-checking seems to think that ""dialog"" is the proper spelling"
later all the child of the world go on a silence strike
ursula andress' naked body is one of those thing that make you believe in god
"coming to a multiplex near you, in a parallel universe, somewhere"
gate is appalled
it simply describes a young girl's family life in africa
and now he is making movie
generally it means that they tried and retried to hide the turkey in various market
mike myer looking more like micheal jackson
he was just too pathetic here
johnny's best friend and talking dog
this film is based on isabel allende's not-so-much-better novel
nichola walker is paul
let's add to this jessica simpson
he is a doctor who is obsessed with bat and insist they go to a nearby cave
"i just finished watching ""el otro"""
no budget
director bellocchio seems to be infatuated with the pretty face
maybe they will find something better to appear in down the road
we went to the movie a lot in those day
finally she has her gut pulled out
maybe being stupid is a way to be smart in hollywood
this is only my opinion
"however, given that these character are not typical of the average western family, it seems disingenuous"
just go to set up then choose witch region setting you want
"you are going to do whole lot of fast-forwarding... do not worry, you wont miss anything important"
with a budget of 40 million
keira knightley does get totally naked in this one though
i am not lying about that
"ah, the spirit of '68"
i believe that mister bin would play it better
"when the choice was made to basically destroy ""lisa and the devil"", bava himself refused, saying that his film was too beautiful to cut"
there is a reason everyone has forgotten about this film's existence
the person seem to have no substance
i quite soon accepted him as being a naive young country boy
i saw this film opening weekend in australia
for as long as the sinister event do not require an explanation
"i bought ""soul survivor"" at the same time"
the woman in the audience have seen way too many used tampon in their time
i am hard pressed to remember when i found any other movie to move
it looked more like a cartoon
the plot had so many hole in it and they never got cleared up in the end
let's put political correctness aside
the first half is a less-than-captivating
its sad that person think it makes her a hero
i waited for something to happen - it never did
"of course, not that you are missing much"
their father is not single
a propaganda movie made for child
my peaceful rage is ending
give me a break
"using interview with author, philosopher, and historian to debunk the long-held christian belief that jesus"
he needs to work at a garbage dump shoveling crap where he belongs
the movie is an extra-long tale of a classic novel
what can i say about seven pound...well i watched on a flight from seattle to tokyo and as that flight was long and boring the movie definitely did not help.
"frank gets involved with gambler dean martin, uneducated flooze shirley maclaine, and has some run-in with the law, but what he really wants to do is write and settle down with a good woman."
i just am not sure whose child it was made for.
i bought this from blockbuster for 99p
it does not stand on its own.
at this time the animated version of the lord of the ring was released on dvd but i told myself that i will finish reading the two tower and return of king before watching it
we purchased this series on dvd because of all of the glowing reviews we had seen here
"well, out renting movie one weekend i see the box art for this one and see the t-rex."
"i am not sure but at the beginning of the movie it felt like an attack on the cristian faith, i for one am a non believer, but allow for the belief of other, and would not wish no ridicule them but try to understand and tolerate."
"but then i grew up, and began to think, and when i had sought more information."
where are the scare?
and i think i have seen every version of jane eyre ever made
"were they trying to imitate the wonderful film ""crash?"""
"the barrel unaccountably explodes with the power of a small nuclear weapon, destroying all the mushroom."
"however, these unknown absolute hero received no help at all from the ally who helped the french resistance just next door."
i went through his dvd collection and popped this thing in when i came home for a visit from college.
"sebastian's father married into wealth, then why does he have a rich aunt on long island?"
"the robot are sad and the main ""hero"" 'bot is turned on by a huge knife switch."
"it takes awhile to get to the first full moon, so first we get a tender love story between rich and his compassionate, big-breasted nurse sondra gard"
"to help deceive girl, etc."
i bent over backward to be fair to this film.
let's hope it was not a case of too many hand in the pot
this is a movie with one voice.
anybody who serves time away from a normal job by training a bunch of lunatic earning their way to sudden victory makes waste.
"in one scene, female swimmer are terrified of tomato that are floating near them"
suppose you have been on a deserted island the last ten year.
did he finally get to go on oprah?
i will indicate in this review the point where spoiler begin.
"i remember that the last time i saw the film in a theater, the print was so bad that the experience was a whopping 5 hour travesty."
thank god i rented instead of seeing it in the theatre.
"while the lab was supposed to work on this kind of thing, the other scientist are shocked, because apparently they were all way behind in their experiment and got caught with their pant down."
as an aside it was terrifying to see how much quaid - in 1971 - actually looks like his character of cousin eddie in the national lampoon vacation movie.
i have used imdb for year.
you know why i am here even though i am a naked brother band hater?
she is 3 yrs old
i bought the colorized version on vhs
keep your day job.
"some kid are hiking in the mountain, and one of them goes into a large tunnel and discovers some old mummified gladiator."
"i like all sort of movie from deep dramas to the more male oriented kill everything you see type of movie, so i can not say i am picky"
where is the continued affair between marcel and juliet?
good day.
brynner had magnetism.
note: i am from australium so excuse my weird spelling like reognise with the s instead of z
the movie is supposed to show how the son of sam real life murder affected a neighborhood in the summer of 1977
adam sandler is hired to work on a giant cruise ship with some m universe model and five other person.
there is always hope and i will continue to love and respect the woody!
the movie is something about rat turning into monster and going on a killing spree.
a thakur call man for catching a big terrorist who is like god and even polouse do not know abut him but these ppl do
"now this combination would be cool if somone knew what they where doing, and the only one on this production that knew that was, no one"
"according to imdb takashi miike's master of horror-segment, imprint, was banned in the us."
i am here again in your local shopping mall
"just think, some person claim to have seen this film four or five time."
how did mike hammer live - in a penthouse with a golf bag stashed in the corner next to a big screen cathode ray tube tv and a snazzy fireplace?
i just think the filmmaker misgauged which road to take when they made this
"that is what he wanted, anyway."
and this style was much better realized when paramount shot li'l abner in 1959.
the first time he fights it off in the lake.
then try and sit through it with a straight face.
the film uncovers the un-mined territory of the press junket
the team behind this one also worked on 'delta delta die!'
"but there i was, all nestled in my theatre seat, popcorn in hand and about to watch the order when hurled at me like a nolan ryan fastball, were the word `produced, written and directed by brian helgeland'."
spoiler alert!
"lynne ramsey makes arresting image, and samantha morton can summon feeling with a gesture."
"as usual, i was really looking forward to a new tv/film on a favourite subject of mine - makes a nice change from a *strangely familiar* documentary about kursk or stalingrad on the history channel"
"being born in the 1960's i grew up watching the tv ""movie of the week"" in the early 70's and loved the creepy movie that were routinely shown including ""crowhaven farm"", ""bad ronald"", ""satan's school for girl"", ""kolchak the night stalker"", etc,"
"rented a batch of film from blockbuster last night, and this was the first one i watched (it was late on a saturday night, wanted a ""horror film fix"")"
maybe they approached king and he nixed?
i stopped by bb and picked up 4 zombie flick to watch over the weekend.
i am not from america and i know what 'wife swap' is.
i actually paid to see this movie in the theater
a romantic relationship presumably develops between patron and client.
"somewhere, on this site, someone wrote that to get the best version of the work of jane austen, one should simply read them."
"it is not like that big mechanical toy"", says a character early on, commenting on ""jaws""."
"i saw this movie a few month ago in the town which appeared as greendale in the movie, which is the only reason i went to see it."
i do not know who he is trying to convince.
she gets a lift from the chauffeur of a millionaire greeting card king.
that is the entire movie.
but i am an intelligent and discerning human.
my brother has absolutely no acting experience whatsoever - he had recently joined an extras' agency and this was his first part.
although this inn has a terrible past and pamela learn from one the girl's who lives in the town that a deformed witch once reside in that house.
"i knew it would not, the promos said it all."
"i saw him in band of brother playing lt.speir, he was not that bad."
"a remake of alejandro amenabar's abre los ojos, but this time with a living, breathing mask as a lead."
"tonight, this movie displaced dungeon and dragon as the worst movie i ever personally saw in a movie theater (i do not count movie i went to see with the expectation of them being bad, such as plan 9 etc.)."
it is only saving grace is that i bought it in a 2 dvd set and i would have paid the price i did for the original alone.
i am nut about me!
where is blade when you need him?
"you should watch ""yugoslavia:death of a nation"", made by discovery channel and bbc."
and rummaging through pot in a greenhouse.
could mrs. beck be anymore wooden?
"later, via some medical phenomana, damien thorn jnr is born."
the main difference between eastern and western culture is we do not make ethnocentrism.
"you know, those time when you just want to sit there and watch some horrible cookie-cutter action movie to kill time."
"andrew hughe, a us envoy, arrives at monaco with his wife helen, and the three decide to make pal with the visitor, hoping for financial assistance."
can they get him to become a little more human?
but who continues to appear and talk to her.
yeah i saw the rough cut.
he looked more like a public school boy in fact.
"basically, this is not my cup of tea"
the horror channel plays nothing but erotic soft porn gothic flick each night from 10pm till about 4 in the morning
is it a vietnam commentary?
"a few week ago the german broadcaster ""sat1"" advertised this movie as the ""tv-event of the year"""
this dog had so many hole it could be sliced and sold for swiss cheese.
i tried watching this abomination of the cinema when i was five year old
i am an open minded guy and i always love a good horror movie.
come on.
caprica has lot of this.
jeff daniel and darryl hannah avoid humiliation.
i will not dwell on it.
i saw the movie as a child when it was released in the theater and it was so bad that it became the making of a family joke.
oh man.
you really do have to worry if bbc scheduler have any type of clue as to what they`re doing
"the ""two chance in life"" speech from father to son)."
what happened to his father?
pokémon fan are suffering in america these day.
"a vietnam vet named jack kelly, aka soldier"
"first, a woman commits suicide by slashing her wrist whilst bathing."
she smiles when she should be crying and vice versa.
"the film is based on the true story of the high point in human history, and even features one of the actual participant in that story: buzz aldrin"
"i remember watching this movie when i was young, but could not recall the title to it then going through horror movie i find it and think to myself ""that is the title?"""
"there is the tank of piranha, right."
"movie, art, no longer risk the unknown, but are forgone conclusion, drained of life."
they did not quite make it.
"spoiler warning.when the main character's sister is pushed down the stairs, the killer breaks a glass of vodka next to her, to make it appear that she is been drinking."
the house seems more like a city.
a lot.i have been reading some of the other review.
"the rest died from heart attack, pancreatitis (roosa), and a motorcycle accident (conrad)."
i now use the dvd as a coaster on my coffee table.
"i got the feeling that the film maker were trying some kind of ""attack of the killer tomato"" kind of thing."
not 'dialect' as most filipino will incorrectly refer to it as.
"they all, i say all, come from contributor have have not rated any other movie other than this one."
mccarthy.it will also help if you read about what really happened to senator mccarthy by reading http://www.thenewamerican.com/tna/1996/vo12no18/vo12no18_mccarthy.htm
"and there was no foreshadowing that he was really a better guy, it is as if the writer flipped a coin and then just had her spit it out at some convenient point in the film"
when i first started watching this movie i was looking for some kind of subtle metaphor but it soon dawned on me that this movie was indeed about person on a train.
i have not an idea who they are.
i just watched this movie in high definition on television.
she was listed as one of the producer.
warning: possible spoiler
jeopardizing many people life because you are divorced and want to see your family?
i like shaw bros
"consider this: heath ledger is walking a night (through a cemetery i believe) when he is attacked by spirit, which he drives away."
"i do not remember any farting or belching in the book, do you?"
"we were too young at the time,to realize what later bondage and fetish scenario this ""examination"" scene would more than suggest."
or possibly blocked them out.
i take it the british troop in it were meant to be sas (one of the most elite unit in the world most would agree with i am pretty sure) they lost 3 man and the other ran away while the us troop who were not even elite soldier in the fighting sense held the ground and opened up a can of whoop ass on them evil sneaky iraqis.
jenna in normal street clothe in the beginning was the highlight of the film (she does look good) but it is all downhill from there.
how is george wanting the death of his mother funny?
i saw this when it was in the theater
"this movie comes from that period and i can imagine that was the only reason for which it was produced and the same happened with many, many, many other stinker."
"alastair sim is always a joy to see but he, too, is terribly underused"
"this became a cult movie in chinese college student, though i havnt watched it until it is broadcasted in channel4, uk"
"uma thurman plays sissy, a young woman with a gypsy spirit (and freakishly large thumb) who hitchhikes cross-country, eventually finding her true place amongst a group of peyote-enlightened cowgirl on a ranch devoted to preserving the whooping crane; rain(bow) phoenix is their lesbian leader, bonanza jellybean, who falls in love with sissy, thumb or not."
jessica: a ghost story is as the name implies a ghost story.
this movie is basically about some girl in a catholic school that end up getting into trouble because of putting red dye in one in one of their school mate shampoo and after being reprimanded for this act they decide to take off to florida for a vacation.
verhoeven is a puzzle
bobby is a goofy kid who smiles far too much and wants sex.
shoot the guy!!
i am partly a fan of miyazaki's work.
"i was amused, however, by the opening shot of horse having sex in a public square."
does that whet your appetite?
i remember i saw this cartoon when i was 6 or 7
"yep, it says 1987...not the 1967 that i thought it might be."
"you will notice that the chemist, who appears in two scene and gets to speak, is played by stephen king."
why is it my video store has this and not the original?
"i have not seen the first two movie in this series, although i have seen a lot of larry cohen film."
moreover...you think you are going to watch a martial art with about a girl engulfed in vengence for her parent death but surprise!!!
"falk has some great line, like ""he will be right back, he goin' buy to some saugage"" or something like that"
heck if i can remember her name though.
i read comment about this being the best chinese movie ever.
i also have my belief.
"that is it, folk"
he was has some funny scene which are the high point of the movie
"i remember this show being on the television when i was a kid back in the early 1990s, and there was this rage about kid with goofy leotard doing kung fu on one another and riding around in plastic dinosaur."
the 3rd part with the man and woman slapping each other around adds to that thought.
he played the perfect buddy/partner role and saved the movie...imho
i had subtitle on and the t.v.
ever wanted to eat worm?
maybe my vote will help balance this out.
"joe don baker is...thomas jefferson geronimo, a pudgy, sweaty murderous oaf in a stupid cowboy suit that roy roger would have laughed at."
"kusturica said in an interview from 2004 that when he is making movie, he feels like making music, and when he is making music, he feels like making movie."
the united state of america with its population of 270 million and its complex history as an aspiring democracy and its hope and desire to uphold human right that it has its failing and downside.
what are they doing?
i just finished reading a book about dillinger.
there are no coastal mountain in south carolina.
i was skimming over the list of film of richard burton when i came to this title that i recall vividly from when i first saw it on cable in 1982
"honestly, i hate cryptozoology."
she marries a rich guy named maitland and they have a child.
"ms. jenkin would be better served if in the future, she would refrain from using her life-story to ""entertain"" person."
one girl together with a robot (kris kristofferson) built by the creator of the cyborg has been appointed by destiny to save mankind
at time i would swear i could hear the roaring of the camera motor.
no 'mild mannered reporter' here!
"after seeing the trailer of this film in the cinema, i thought that it was an original concept for a thriller, setting it in the competitive world of computer company."
like the dialogue...wow.
it made my eye hurt.
the atmosphere is totally dead.
"basically, your typical unshaven 90's hero, with the typical ""sexual tension"" storyline."
"(big spoiler) i have seen one other takashi miike film, and that was the very disturbing and brutal 'audition', which was an examination of the japanese ideal of femininity!"
"wow...ok. so, after reading the little feud on here, i decided i had to see this movie for myself."
pay no attention to the comment behind the curtain!
one by one they fall victim to an unseen assailant
"bad guy (well, head bad guy) and his henchman, including his earthly agent called krog (listen carefully or you will suspect it is a spoof on the name of mcdonald's founder ray kroc)and his unbelievably inept gunsel (who, however, have handguns that never need reloading; as does commando cody, so there are numerous firefight standoff)"
"on the way, however, the plane is diverted to malta."
billed as a 'psychological horror thriller'
i do volunteer work with a cat rescue organization.
"compared to stewart granger; which growing up was my ultimate hero in film like the 1952 ""scaramouche"", the 1952 ""prisoner of zenda"" and the 1950 ""king solomon's mine"""
spoiler alert over!
"compared with the american version with guinneth paltrow, the script was written to resemble as much as possible the book."
that is all this documantary deserve.
two year ago at sundance i loved josh kornbluth's directing debut-haiku tunnel.
i did not feel like i was transported to exotic location.
"i remembered seeing coming attraction for this film as a 14-year old (i am 45), back in the early/mid-seventy at the sombrero, a local art theater that no longer exist"
"a battleship is sinking... its survivor, hanging onto a nearby liferaft, sit there doing nothing while we go into each of their mind for a series of long flashback"
"sure, the hill have eye 2 has its moment."
i guess there were not a lot of person behind the movie so they had to roll the credit slowly
"as long as there is been 3d technology, (1950's i think) there is been animation made for it."
as a turkish man now living in sweden i must confess i often watch scandinavian movie.
i am also not alone in scorning richard lester's superman 2.
are you kidding me?
"soon, captain nolan realizes that they have something in common"
"in the future of 1985, a governmental committee headed by howard hesseman, is holding hearing on tv's first uncensored network."
**mild spoilers** starving boy who have enough energy to sing and dance in the workhouse?
now let`s a former marine officer becomes assinged to a group of kid at a cadet school so this should be a family comedy right ?
for free.
"i liked wesley snipe, and i founded funny that he played his name's meaning in a movie."
and you sort of have to be in the mood for one.
"for that matter, loyalty to mr. falk was what kept me watching this film all the way from head to tails."
"yes, i think my date, a flat-line ""good old boy"", liked it."
my 13 year old son was looking forward to it too.
no redemption whatsoever.
is it because gackt and hyde are your love?
what i have just seen makes all his direct to video release in the last few year look like his early 90's smash hit in comparison
charlie and mabel argued bitterly during the making of this film.
"i started playing a game with myself, counting the number of time they looped the stock orchestral music."
deal with it.
what can i say.
"after all, if the dead were to punish anyone for their sin, now remind me exactly who was killing everyone again?"
how's that for a ringing endorsement?
"two of them are ""wozzeck"" and ""gunther"", both prominent role in german opera."
this is their premise?
"steven leads her girl gang of three, and they find out that they must act much quicker than had been anticipated."
"they are kind of in the bind since the relative that left her the money cut them out of the will.hiring a great white hunter, who secretly wishes to capture tarzan and sell him, the pair heads into the jungle where they run into the usual jungle trouble (more so because of the stock footage)."
the star did not fare much better.
"the story, as it consistent with most of these type, is inane: kitten natividad runs a local pub, finds out she has breast cancer, flies down to south america for a fruit that claims to be a panacea for any ill and a super-human ability giver, return and fight, dressed as the double-d avenger, a group from a local strip club wanting to edge out the competition."
"the global warming issue appeal a lot to person who want to force other to ""do right""."
my fear had come to pass
"i thought to myself, ""oh please, do not go there!"""
that is usually the sign of a real stinker.
"he is, living in the mall basement"
these person do not flirt - they just do it.
"(there are spoiler) homicidal nymphomaniac hooker miya, kari wuhrer,takes over the life and car of 18 virgin, even though he is too embarrassed to admit it, collage freshman trent colbert, kristoffer ryan."
"maybe i have seen one too many crime flick, or maybe i do not take the right drugs"
imagine the worst skit from saturday night live and mad tv in one 90 minute movie.
my mom always told me not to throw rock at a wasps nest.
"believe me , he made the wrong choice!"
"at a panel discussion that i attended after viewing this film, the filmmaker stated that one should look at this not as a movie but a provoker of thought."
sorry.
we only hear from other palestinian in prison.
"the first 30 minute of tinseltown had my finger teetering on the remote, poised to flick around to watch something else."
dead husband is a somewhat silly comedy about a bunch of wife conspiring to bump off each other husband`.
you wait for 105 minute for the movie to get started.
kid found as a baby in the garbage and raised at a martial art academy has a knack for sinking basket.
"there are a lot of attempted jump scare, with one character popping out to frighten their friend, which could not even manufacture a few cheap thrill, because they are so calculated in such a tepid way."
a welshman plays a sweary cockney.
"the scene on the mexican border, when sutherland provokes a custom's officer by showing little respect and then accuses the latter of making him open his luggage only because he (sutherland) has long hair)."
"being an adam sandler fan at the time, i rented it."
"rather than trying to tell a complex story in an intelligent and clear manner, it was assumed that constantly throwing mostly vague and hard to connect with each other 30-second vignette of different story-line from a dozen or so ""story-line"" at the audience made for great and clear viewing."
the idea has been planted.
"when billy zane try to kill someone, he feels bad...but he does not look like to."
"i am working for a sinister corporation doing industrial espionage in the future and i am starting to get confused about who i really am, sh*#t!"
joseph l. mankiewicz's sleuth did not need a remake.
"i do not care if he was trying to make the girl happy, that is just gross"
for some weird reason that rubric was dropped early on.
let's see gone with the wind do that!
"there have been many movie featuring bigfoot, the majority of which are not good but most at least have a goofy charm to them."
in comedy such as mr. bean the disaster caused by the title character are funny because you can empathise with the character motivation and initial event and the situation the character ends up in is not telegraphed.
there are two kind of 1950s musical.
"20 year after they are still friend, they go to huge house, have fun, drug and sex (no nudity) for least half a hour of the movie!"
with that promise from a government that is full of sleaze.
this is a sad state of affair.
from a (silly) play by tennessee william and directed (with a dead hand) by joseph losey and starring taylor and burton and noel coward - this project filmed in a spectacular cliff-top mountain island mansion in the mediterranean must have seemed a sure fire winner when presented to universal in 1967.
"at 44, the ex-olympian, one of hollywood's most active 'party animal', was long past the slim athleticism of his youth, and looked tired (although he was in marginally better condition than in his previous entry, tarzan and the huntress)"
"movie theater management would not allow this, but they did agree to let us see another film."
but is pete really innocent?
dalla provided as good a detail of the life in texas as this movie.
just like in real life.
"whenever a visitor enters their shop, they kill him."
when george kennedy and an old dorothy lamoure get top billing it is telling you something.
it seems like more consideration has gone into the imdb review of this film than went into the source
"if it was not for walken's performance (and perhaps a couple of player in the supportive cast like brittany murphy and glenn danzig), ""the prophecy ii"" surely would have disappeared into oblivion straight after its release."
couple has gone to party and on the way back they hit a deer and he went out to finish it when a jeep full of bad guy comes.
"gary oldman's semi-autobiographical account of life lived on a south east london estate is a violent, beckettian account of one of dante's circle of hell, frankly."
"""ooh ooh, we are going to light the set with a flashlight!"
"i mean really, the roman forum as a model for heorot is too much"
"oooh, foreboding."
nick indirectly causes eva to lose her job as an waitress.
that occurred to me when i went back to school..the national lampoon's class reunion.
"yank, although the real scotland may be just as colourful, if you ever go there do not expect to be given much of a the chance to ""dance out"" controversy with the local."
"in my country they had the courage to put this film on video named as ""the mummy"" because of the success of brendan fraser`s film."
the film stars a blind guy who has a frisbee-like device on a chain that chops off person's head as he expertly throws this at his fo!
"(spoiler) for crying out loud, they forgot to have a villain in this thing!"
"camille 2000 aspect ratio: 2.35:1 (panavision)sound format: monowhilst visiting rome, an amorous nobleman (nino castelnuovo) falls in love with a beautiful young libertine (daniele gaubert), but their unlikely romance is opposed by castelnuovo's wealthy father (massimo serato), and fate deal a tragic blow...a sexed-up love story for the swinging sixty, adapted from a literary source (alexandre dumas' 'la dame aux camelias') by screenwriter michael deforrest, and directed with freewheeling flair by radley metzger who, along with the like of russ meyer and joe sarno, is credited with redefining the parameter of 'adult' cinema throughout the 1960's and 70's."
"well, i hope they got it out of their system."
she possesses the worst russian accent in movie history
the stalker is a creep for no discernible reason other than he is a stalker and andie macdowell is gorgeous.
"not only is this preposterous, but it defames a major religion that greenstreet obviously has some personal issue with."
"sliding door, w/ gwyenth paltrow and directed by peter howit, did what melinda and melinda try to do much much much better."
"actually, i fell asleep about 40 minute in and had to fight the urge to just leave the theater."
"in summary: the oil business is in cahoot with the government (or gummint if you prefer), the gummint is in cahoot with middle eastern despot, and the cia is a singular festering pool of double dealing sons-of-(insert word) willing to toe any line that comes their way."
"why not her husband, director guy ritchie?"
few except hollywood routine.
jack nicholson barely fits into jack torrence's character.
mr. cornbluth's self-indulgent tirade quickly become more annoying than 15 jason alexander in the same room.
"besides defoe who was decent, the acting of the two and a half other person in the movie, defoe's wife giada included, was ridiculously awful (how they cast the part of the salesgirl at the bakery is beyond me)."
"ron livingston was adequate but bland as patrick, the american whose quest is to ""save"" holly, but chris penn was good in this, his final role."
"jean-claude van damme plays twin brother alex and chad, both whom are martial art expert who team up to take down the mobster responsible for the murder of the parent in this empty headed martial art actioner which does not have a plot that would make better use of the gimmick of having two jean-claude van damme."
"animal house, porky's, there is something about mary, both american pie movie, and even the notorious freddy got fingered i have found highly enjoyable on their own crude term."
susannah york was hardly a slouch.
"after sitting through this pile of dung, my husband and i wondered whether it was actually the product of an experiment to see whether a computer program could produce a movie."
and the two girl (sandra locke and...ah...oh well) play the roll of two psycho-man hater to the hilt
"a woman said that her award did not matter a whole lot, only child that were helped."
there problem is a reptilian monster is hunting them down one by one.
"or a throwback to the glorious day of prehistoric epic such as ""when dinosaur ruled the earth"" and ""the lost world""?"
a woman (sylvia kristel) seduces a 15 year old boy (eric brown).
"hmm, not a good sign, but who knows?"
"if i want to see daily life, i will uhm, live."
"australian are different than ""us"" (most of the rest of the world), so we (most of us) automatically come at it with an air of ""oddness"" about them."
i though i had actually rented some kind of gay porn after this classic scene: jim: watch your ass nick: you watch your (together): i wont leave you behind!
"the supposedly samoan girl did not look or act samoan at all, seemed more like the stock white female who has sex with anyone on a whim."
"ben johnson's always a joy, though."
"we have hitler's father cursing his own bad luck on the ""fact"" that he had married his niece!"
"someone said it could have been set in oklahoma, and that just about sum it up for me."
"tom berenger, on the other hand, only knows one emotion in most of his movie, anger."
"as the movie progresses, the character played by robin william gets dragged into some kind of ""cat and mouse"" spiel to the point where he becomes obsessed with finding out the truth and existence about a 14 year old abused kid that no-one seemed to have ever seen in person."
"this is a mexican-made mess, dubbed into english, and produced by k. gordon murray."
"there are probably more person afraid of the dentist than of, let's say, little monster or scary looking doll."
have you ever wondered what would happen if a couple of character from beverly hill 90210 were thrown into a thai jail
adapted for tv from rona jaffe's book; we trip and stumble through a fantasy existence.
"bill murray turned from being a quick witted, humorous guy into an arsehole who was shouting thing at person in the street that just were not funny, its like he was trying too hard to be funny."
"to call a film about a crippled ghost taking revenge from beyond the grave lame and lifeless would be too ironical but this here is an undeniably undistinguished combination of gaslight (1939 and 1944) via les diabolique (1954); while still watchable in itself, it is so cliché-ridden as to provoke chuckle instead of the intended chill."
"and like the scenery in the desert, there is nothing much to distinguish it, not even the fact that a female prisoner is being transported by two navy escort this time around."
i was 17 and my friend was 18
"to get ryan to like robbin, einstein try to make robbin look like a brilliant scientist."
"look at ""when harry met sally"", ""sleepless in seattle"", and classic like ""roman holiday"" and ""it happened one night"
i watched it because it aired on cable.
are we really becoming so unoriginal so quickly?
my girlfriend fell asleep.
nick agree but only if fred agree to help out on the toy-wrapping business up in the north pole.
"it starts already with the dvd cover of the movie, which is a direct copy of the cover of 'pearl harbor'"
"instead we are giving a dizzying array of flashback that seek to explain the origin of the killer, but fail to address the major point in dahmer's development."
so they have to bring a date in order to get into the wedding.
he then goes on the prowl looking for the perfect body to make her whole again.
"and the bell 222, the ""actor"" that portrayed airwolf was not very fast even by helicopter standard."
